﻿1101;ACEH SELATAN;11;2
1102;ACEH TENGGARA;11;2
1103;ACEH TIMUR;11;2
1104;ACEH TENGAH;11;2
1105;ACEH BARAT;11;2
1106;ACEH BESAR;11;2
1107;PIDIE;11;2
1108;ACEH UTARA;11;2
1109;SIMEULUE;11;2
1110;ACEH SINGKIL;11;2
1111;BIREUEN;11;2
1112;ACEH BARAT DAYA;11;2
1113;GAYO LUES;11;2
1114;ACEH JAYA;11;2
1115;NAGAN RAYA;11;2
1116;ACEH TAMIANG;11;2
1117;BENER MERIAH;11;2
1118;PIDIE JAYA;11;2
1171;KOTA BANDA ACEH;11;3
1172;KOTA SABANG;11;3
1173;KOTA LHOKSEUMAWE;11;3
1174;KOTA LANGSA;11;3
1175;KOTA SUBULUSSALAM;11;3
1201;TAPANULI  TENGAH;12;2
1202;TAPANULI  UTARA;12;2
1203;TAPANULI  SELATAN;12;2
1204;NIAS;12;2
1205;LANGKAT;12;2
1206;KARO;12;2
1207;DELI SERDANG;12;2
1208;SIMALUNGUN;12;2
1209;ASAHAN;12;2
1210;LABUHANBATU;12;2
1211;DAIRI;12;2
1212;TOBA SAMOSIR;12;2
1213;MANDAILING NATAL;12;2
1214;NIAS SELATAN;12;2
1215;PAKPAK BHARAT;12;2
1216;HUMBANG  HASUNDUTAN;12;2
1217;SAMOSIR;12;2
1218;SERDANG  BEDAGAI;12;2
1219;BATU BARA;12;2
1220;PADANG LAWAS UTARA;12;2
1221;PADANG LAWAS;12;2
1222;LABUHANBATU SELATAN;12;2
1223;LABUHANBATU UTARA;12;2
1224;NIAS UTARA;12;2
1225;NIAS BARAT;12;2
1271;KOTA MEDAN;12;3
1272;KOTA PEMATANGSIANTAR;12;3
1273;KOTA SIBOLGA;12;3
1274;KOTA TANJUNG  BALAI;12;3
1275;KOTA BINJAI;12;3
1277;KOTA PADANGSIDIMPUAN;12;3
1278;KOTA GUNUNGSITOLI;12;3
1301;PESISIR SELATAN;13;2
1302;SOLOK;13;2
1303;SIJUNJUNG;13;2
1304;TANAH DATAR;13;2
1305;PADANG PARIAMAN;13;2
1306;AGAM;13;2
1307;LIMA PULUH KOTA;13;2
1308;PASAMAN;13;2
1309;KEPULAUAN MENTAWAI;13;2
1310;DHARMASRAYA;13;2
1311;SOLOK SELATAN;13;2
1312;PASAMAN BARAT;13;2
1371;KOTA PADANG;13;3
1372;KOTA SOLOK;13;3
1373;KOTA SAWAHLUNTO;13;3
1374;KOTA PADANG PANJANG;13;3
1375;KOTA BUKITTINGGI;13;3
1376;KOTA PAYAKUMBUH;13;3
1377;KOTA PARIAMAN;13;3
1401;KAMPAR;14;2
1402;INDRAGIRI  HULU;14;2
1403;BENGKALIS;14;2
1404;INDRAGIRI  HILIR;14;2
1405;PELALAWAN;14;2
1406; ROKAN HULU;14;2
1407; ROKAN HILIR;14;2
1408;SIAK;14;2
1409;KUANTAN SINGINGI;14;2
1410;KEPULAUAN MERANTI;14;2
1471;KOTA PEKANBARU;14;3
1472;KOTA DUMAI;14;3
1501;KERINCI;15;2
1502;MERANGIN;15;2
1503;SAROLANGUN;15;2
1504;BATANGHARI;15;2
1505;MUAROJAMBI;15;2
1506;TANJUNG  JABUNG BARAT;15;2
1507;TANJUNG  JABUNG TIMUR;15;2
1508;BUNGO;15;2
1509;TEBO;15;2
1571;KOTA JAMBI;15;3
1572;KOTA SUNGAI PENUH;15;3
1601;OGAN KOMERING  ULU;16;2
1602;OGAN KOMERING  ILIR;16;2
1603;MUARA ENIM;16;2
1604;LAHAT;16;2
1605;MUSI RAWAS;16;2
1606;MUSI BANYUASIN;16;2
1607;BANYUASIN;16;2
1608;OGAN KOMERING  ULU TIMUR;16;2
1609;OGAN KOMERING ULU SELATAN;16;2
1610;OGAN ILIR;16;2
1611;EMPAT LAWANG;16;2
1612;PENUKAL ABAB LEMATANG ILIR;16;2
1613;MUSI RAWAS UTARA;16;2
1671;KOTA PALEMBANG;16;3
1672;KOTA PAGAR ALAM;16;3
1673;KOTA LUBUK LINGGAU;16;3
1674;KOTA PRABUMULIH;16;3
1701;BENGKULU  SELATAN;17;2
1702;REJANG LEBONG;17;2
1703;BENGKULU UTARA;17;2
1704;KAUR;17;2
1705;SELUMA;17;2
1706;MUKO MUKO;17;2
1707;LEBONG;17;2
1708;KEPAHIANG;17;2
1709;BENGKULU  TENGAH;17;2
1771;KOTA BENGKULU;17;3
1801;LAMPUNG  SELATAN;18;2
1802;LAMPUNG  TENGAH;18;2
1803;LAMPUNG UTARA;18;2
1804;LAMPUNG BARAT;18;2
1805;TULANG BAWANG;18;2
1806;TANGGAMUS;18;2
1807;LAMPUNG  TIMUR;18;2
1808;WAY KANAN;18;2
1809;PESAWARAN;18;2
1810;PRINGSEWU;18;2
1811;MESUJI;18;2
1812;TULANG BAWANG BARAT;18;2
1813;PESISIR BARAT;18;2
1871;KOTA BANDAR LAMPUNG;18;3
1872;KOTA METRO;18;3
1901;BANGKA;19;2
1902;BELITUNG;19;2
1903;BANGKA SELATAN;19;2
1904;BANGKA TENGAH;19;2
1905;BANGKA BARAT;19;2
1906;BELITUNG TIMUR;19;2
1971;KOTA PANGKAL PINANG;19;3
2101;BINTAN;21;2
2102;KARIMUN;21;2
2103;NATUNA;21;2
2104;LINGGA;21;2
2105;KEPULAUAN ANAMBAS;21;2
2171;KOTA BATAM;21;3
2172;KOTA TANJUNG  PINANG;21;3
3101;ADM. KEP. SERIBU;31;2
3171;KOTA ADM. JAKARTA PUSAT;31;3
3172;KOTA ADM. JAKARTA UTARA;31;3
3173;KOTA ADM. JAKARTA BARAT;31;3
3174;KOTA ADM. JAKARTA SELATAN;31;3
3175;KOTA ADM. JAKARTA TIMUR;31;3
3201;BOGOR;32;2
3202;SUKABUMI;32;2
3203;CIANJUR;32;2
3204;BANDUNG;32;2
3205;GARUT;32;2
3206;TASIKMALAYA;32;2
3207;CIAMIS;32;2
3208;KUNINGAN;32;2
3209;CIREBON;32;2
3210;MAJALENGKA;32;2
3211;SUMEDANG;32;2
3212;INDRAMAYU;32;2
3213;SUBANG;32;2
3214;PURWAKARTA;32;2
3215;KARAWANG;32;2
3216;BEKASI;32;2
3217;BANDUNG  BARAT;32;2
3218;PANGANDARAN;32;2
3271;KOTA BOGOR;32;3
3272;KOTA SUKABUMI;32;3
3273;KOTA BANDUNG;32;3
3274;KOTA CIREBON;32;3
3275;KOTA BEKASI;32;3
3276;KOTA DEPOK;32;3
3277;KOTA CIMAHI;32;3
3278;KOTA TASIKMALAYA;32;3
3279;KOTA BANJAR;32;3
3301;CILACAP;33;2
3302;BANYUMAS;33;2
3303;PURBALINGGA;33;2
3304;BANJARNEGARA;33;2
3305;KEBUMEN;33;2
3306;PURWOREJO;33;2
3307;WONOSOBO;33;2
3308;MAGELANG;33;2
3309;BOYOLALI;33;2
3310;KLATEN;33;2
3311;SUKOHARJO;33;2
3312;WONOGIRI;33;2
3313;KARANGANYAR;33;2
3314;SRAGEN;33;2
3315;GROBOGAN;33;2
3316;BLORA;33;2
3317;REMBANG;33;2
3318;PATI;33;2
3319;KUDUS;33;2
3320;JEPARA;33;2
3321;DEMAK;33;2
3322;SEMARANG;33;2
3323;TEMANGGUNG;33;2
3324;KENDAL;33;2
3325;BATANG;33;2
3326;PEKALONGAN;33;2
3327;PEMALANG;33;2
3328;TEGAL;33;2
3329;BREBES;33;2
3371;KOTA MAGELANG;33;3
3372;KOTA SURAKARTA;33;3
3373;KOTA SALATIGA;33;3
3374;KOTA SEMARANG;33;3
3375;KOTA PEKALONGAN;33;3
3376;KOTA TEGAL;33;3
3401;KULON PROGO;34;2
3402;BANTUL;34;2
3403;GUNUNGKIDUL;34;2
3404;SLEMAN;34;2
3471;KOTA YOGYAKARTA;34;3
3501;PACITAN;35;2
3502;PONOROGO;35;2
3503;TRENGGALEK;35;2
3504;TULUNGAGUNG;35;2
3505;BLITAR;35;2
3506;KEDIRI;35;2
3507;MALANG;35;2
3508;LUMAJANG;35;2
3509;JEMBER;35;2
3510;BANYUWANGI;35;2
3511;BONDOWOSO;35;2
3512;SITUBONDO;35;2
3513;PROBOLINGGO;35;2
3514;PASURUAN;35;2
3515;SIDOARJO;35;2
3516;MOJOKERTO;35;2
3517;JOMBANG;35;2
3518;NGANJUK;35;2
3519;MADIUN;35;2
3520;MAGETAN;35;2
3521;NGAWI;35;2
3522;BOJONEGORO;35;2
3523;TUBAN;35;2
3524;LAMONGAN;35;2
3525;GRESIK;35;2
3526;BANGKALAN;35;2
3527;SAMPANG;35;2
3528;PAMEKASAN;35;2
3529;SUMENEP;35;2
3571;KOTA KEDIRI;35;3
3572;KOTA BLITAR;35;3
3573;KOTA MALANG;35;3
3574;KOTA PROBOLINGGO;35;3
3575;KOTA PASURUAN;35;3
3576;KOTA MOJOKERTO;35;3
3577;KOTA MADIUN;35;3
3578;KOTA SURABAYA;35;3
3579;KOTA BATU;35;3
3601;PANDEGLANG;36;2
3602;LEBAK;36;2
3603;TANGERANG;36;2
3604;SERANG;36;2
3671;KOTA TANGERANG;36;3
3672;KOTA CILEGON;36;3
3673;KOTA SERANG;36;3
3674;KOTA TANGERANG SELATAN;36;3
5101;JEMBRANA;51;2
5102;TABANAN;51;2
5103;BADUNG;51;2
5104;GIANYAR;51;2
5105;KLUNGKUNG;51;2
5106;BANGLI;51;2
5107;KARANGASEM;51;2
5108;BULELENG;51;2
5171;KOTA DENPASAR;51;3
5201;LOMBOK BARAT;52;2
5202;LOMBOK TENGAH;52;2
5203;LOMBOK TIMUR;52;2
5204;SUMBAWA;52;2
5205;DOMPU;52;2
5206;BIMA;52;2
5207;SUMBAWA BARAT;52;2
5208;LOMBOK UTARA;52;2
5271;KOTA MATARAM;52;3
5272;KOTA BIMA;52;3
5301;KUPANG;53;2
5302;KAB TIMOR TENGAH SELATAN;53;2
5303;TIMOR TENGAH UTARA;53;2
5304;BELU;53;2
5305;ALOR;53;2
5306;FLORES TIMUR;53;2
5307;SIKKA;53;2
5308;ENDE;53;2
5309;NGADA;53;2
5310;MANGGARAI;53;2
5311;SUMBA TIMUR;53;2
5312;SUMBA BARAT;53;2
5313;LEMBATA;53;2
5314;ROTE NDAO;53;2
5315;MANGGARAI BARAT;53;2
5316;NAGEKEO;53;2
5317;SUMBA TENGAH;53;2
5318;SUMBA BARAT DAYA;53;2
5319;MANGGARAI  TIMUR;53;2
5320;SABU RAIJUA;53;2
5321;MALAKA;53;2
5371;KOTA KUPANG;53;3
6101;SAMBAS;61;2
6102;MEMPAWAH;61;2
6103;SANGGAU;61;2
6104;KETAPANG;61;2
6105;SINTANG;61;2
6106;KAPUAS HULU;61;2
6107;BENGKAYANG;61;2
6108;LANDAK;61;2
6109;SEKADAU;61;2
6110;MELAWI;61;2
6111;KAYONG UTARA;61;2
6112;KUBU RAYA;61;2
6171;KOTA PONTIANAK;61;3
6172;KOTA SINGKAWANG;61;3
6201;KOTAWARINGIN BARAT;62;3
6202;KOTAWARINGIN TIMUR;62;3
6203;KAPUAS;62;2
6204;BARITO SELATAN;62;2
6205;BARITO UTARA;62;2
6206;KATINGAN;62;2
6207;SERUYAN;62;2
6208;SUKAMARA;62;2
6209;LAMANDAU;62;2
6210;GUNUNG MAS;62;2
6211;PULANG PISAU;62;2
6212;MURUNG RAYA;62;2
6213;BARITO TIMUR;62;2
6271;KOTA PALANGKARAYA;62;3
6301;TANAH LAUT;63;2
6302;KOTABARU;63;3
6303;BANJAR;63;2
6304;BARITO KUALA;63;2
6305;TAPIN;63;2
6306;HULU SUNGAI SELATAN;63;2
6307;HULU SUNGAI TENGAH;63;2
6308;HULU SUNGAI UTARA;63;2
6309;TABALONG;63;2
6310;TANAH BUMBU;63;2
6311;BALANGAN;63;2
6371;KOTA BANJARMASIN;63;3
6372;KOTA BANJARBARU;63;3
6401;PASER;64;2
6402;KUTAI KARTANEGARA;64;2
6403;BERAU;64;2
6407;KUTAI BARAT;64;2
6408;KUTAI TIMUR;64;2
6409;PENAJAM  PASER UTARA;64;2
6411;MAHAKAM  ULU;64;2
6471;KOTA BALIKPAPAN;64;3
6472;KOTA SAMARINDA;64;3
6474;KOTA BONTANG;64;3
6501;BULUNGAN;65;2
6502;MALINAU;65;2
6503;NUNUKAN;65;2
6504;TANA TIDUNG;65;2
6571;KOTA TARAKAN;65;3
7101;BOLAANG  MONGONDOW;71;2
7102;MINAHASA;71;2
7103;KEPULAUAN  SANGIHE;71;2
7104;KEPULAUAN TALAUD;71;2
7105;MINAHASA  SELATAN;71;2
7106;MINAHASA UTARA;71;2
7107;MINAHASA TENGGARA;71;2
7108;BOLAANG  MONGONDOW UTARA;71;2
7109;KEP. SIAU TAGULANDANG BIARO;71;2
7110;BOLAANG MONGONDOW TIMUR;71;2
7111;BOLAANG  MONGONDOW SELATAN;71;2
7171;KOTA MANADO;71;3
7172;KOTA BITUNG;71;3
7173;KOTA TOMOHON;71;3
7174;KOTA KOTAMOBAGU;71;3
7201;BANGGAI;72;2
7202;POSO;72;2
7203;DONGGALA;72;2
7204;TOLI TOLI;72;2
7205;BUOL;72;2
7206;MOROWALI;72;2
7207;BANGGAI KEPULAUAN;72;2
7208;PARIGI MOUTONG;72;2
7209;TOJO UNA UNA;72;2
7210;SIGI;72;2
7211;BANGGAI LAUT;72;2
7212;MOROWALI  UTARA;72;2
7271;KOTA PALU;72;3
7301;KEPULAUAN  SELAYAR;73;2
7302;BULUKUMBA;73;2
7303;BANTAENG;73;2
7304;JENEPONTO;73;2
7305;TAKALAR;73;2
7306;GOWA;73;2
7307;SINJAI;73;2
7308;BONE;73;2
7309;MAROS;73;2
7310;PANGKAJENE KEPULAUAN;73;2
7311;BARRU;73;2
7312;SOPPENG;73;2
7313;WAJO;73;2
7314;SIDENRENG  RAPPANG;73;2
7315;PINRANG;73;2
7316;ENREKANG;73;2
7317;LUWU;73;2
7318;TANA TORAJA;73;2
7322;LUWU UTARA;73;2
7324;LUWU TIMUR;73;2
7326;TORAJA UTARA;73;2
7371;KOTA MAKASSAR;73;3
7372;KOTA PARE PARE;73;3
7373;KOTA PALOPO;73;3
7401;KOLAKA;74;2
7402;KONAWE;74;2
7403;MUNA;74;2
7404;BUTON;74;2
7405;KONAWE SELATAN;74;2
7406;BOMBANA;74;2
7407;WAKATOBI;74;2
7408;KOLAKA UTARA;74;2
7409;KONAWE UTARA;74;2
7410;BUTON UTARA;74;2
7411;KOLAKA TIMUR;74;2
7412;KONAWE KEPULAUAN;74;2
7413;MUNA BARAT;74;2
7414;BUTON TENGAH;74;2
7415;BUTON SELATAN;74;2
7471;KOTA KENDARI;74;3
7472;KOTA BAU BAU;74;3
7501;GORONTALO;75;2
7502;BOALEMO;75;2
7503;BONE BOLANGO;75;2
7504;PAHUWATO;75;2
7505;GORONTALO UTARA;75;2
7571;KOTA GORONTALO;75;3
7601;MAMUJU UTARA;76;2
7602;MAMUJU;76;2
7603;MAMASA;76;2
7604;POLEWALI  MANDAR;76;2
7605;MAJENE;76;2
7606;MAMUJU TENGAH;76;2
8101;MALUKU TENGAH;81;2
8102;MALUKU TENGGARA;81;2
8103;MALUKU TENGGARA BARAT;81;2
8104;BURU;81;2
8105;SERAM BAGIAN TIMUR;81;2
8106;SERAM BAGIAN BARAT;81;2
8107;KEPULAUAN  ARU;81;2
8108;MALUKU BARAT DAYA;81;2
8109;BURU SELATAN;81;2
8171;KOTA AMBON;81;3
8172;KOTA TUAL;81;3
8201;HALMAHERA BARAT;82;2
8202;HALMAHERA TENGAH;82;2
8203;HALMAHERA UTARA;82;2
8204;HALMAHERA SELATAN;82;2
8205;KEPULAUAN SULA;82;2
8206;HALMAHERA TIMUR;82;2
8207;PULAU MOROTAI;82;2
8208;PULAU TALIABU;82;2
8271;KOTA TERNATE;82;3
8272;KOTA TIDORE KEPULAUAN;82;3
9101;MERAUKE;91;2
9102;JAYAWIJAYA;91;2
9103;JAYAPURA;91;2
9104;NABIRE;91;2
9105;KEPULAUAN  YAPEN;91;2
9106;BIAK NUMFOR;91;2
9107;PUNCAK JAYA;91;2
9108;PANIAI;91;2
9109;MIMIKA;91;2
9110;SARMI;91;2
9111;KEEROM;91;2
9112;KAB PEGUNUNGAN BINTANG;91;2
9113;YAHUKIMO;91;2
9114;TOLIKARA;91;2
9115;WAROPEN;91;2
9116;BOVEN DIGOEL;91;2
9117;MAPPI;91;2
9118;ASMAT;91;2
9119;SUPIORI;91;2
9120;MAMBERAMO RAYA;91;2
9121;MAMBERAMO TENGAH;91;2
9122;YALIMO;91;2
9123;LANNY JAYA;91;2
9124;NDUGA;91;2
9125;PUNCAK;91;2
9126;DOGIYAI;91;2
9127;INTAN JAYA;91;2
9128;DEIYAI;91;2
9171;KOTA JAYAPURA;91;3
9201;SORONG;92;2
9202;MANOKWARI;92;2
9203;FAK FAK;92;2
9204;SORONG SELATAN;92;2
9205;RAJA AMPAT;92;2
9206;TELUK BINTUNI;92;2
9207;TELUK WONDAMA;92;2
9208;KAIMANA;92;2
9209;TAMBRAUW;92;2
9210;MAYBRAT;92;2
9211;MANOKWARI SELATAN;92;2
9212;PEGUNUNGAN ARFAK;92;2
9271;KOTA SORONG;92;3